[
{"name":"ROCKET SCLENCE",
  "model":"BATH BOMB",
  "image":"./images/product01.png",
  "no":"no01",
  "description":"베르가못과 싱그러운 레몬이 듬뿍 담긴 이 알록달록한 배쓰 밤이 욕조에 황홀하게 퍼지면,당신이 상상해 오던 우주로 데려다줄 거예요!",
  "price":12000},
{
  "name":"WHOOSH SHOWER",
  "model":"SHOWER JELLY",
  "image":"./images/product02.png",
    "no":"no02",
"description":"신선한 시트러스 주스와 풍부한 수분을 머금은 앙증맞은 샤워 젤리는 당신에게 큰 힘이 되어줄 거예요!",
  "price":22000},
{
  "name":"ICKLE BABY BOT",
  "model":"BATH BOMB",
  "image":"./images/product03.png",
  "no":"no03",
  "description":"라벤더와 캐모마일이 편안하게 피부를 감싸 주며, 샌달우드는 이불 속에 있는 듯 포근함을 전해줍니다.",
  "price":5000},
{
  "name":"BLUE SKIES AND FLUFFY",
  "model":"BUBBLE BOMB",
  "image":"./images/product04.png",
  "no":"no04",
  "description":"광곽향오일, 계피유와 유향이 블랜딩 된 청량감은 탁 트인 바다를 바라보는 것과 같은 푸른 느낌을 선물하며 부드럽고 촉촉한 피부로 가꿔드립니다.",
  "price":15000},
{
  "name":"DONT LOOK AT ME",
  "model":"FRESH MASK",
  "image":"./images/product05.png",
  "no":"no05",
  "description":"당신의 뜨거운 시선을 느꼈습니다.피부를 깨끗이 보살펴주는 상큼한 레몬을 가득머금은 이 기분존은 마스크를 보고 계셨던 거겠죠?",
  "price":25000},
{
  "name":"BLUE",
  "model":"KNOT WRAP",
  "image":"./images/product06.png",
  "no":"no06",
  "description":"향수와 어울리는 완벽한 포장엔 낫랩이죠!가장 좋은 것은 알맞은 옷으로 포장하는 것이죠!선물 받을 때의 미소는 낫랩으로 시작됩니다.",
  "price":10000 },
{
  "name":"DRAGONS EGG",
  "model":"BATH BOMB",
  "image":"./images/product07.png",
  "no":"no07",
  "description":"레몬의 상큼한 향기와 은은한 자스민의 향기가하루의 시작에 어울리는 행복을 선사합니다.",
  "price":12000},
{
  "name":"A FRENCH KISS",
  "model":"BUBBLE BAR",
  "image":"./images/product08.png",
  "no":"no08",
  "description":"프랑스 남부에서 자란 질 좋은 라벤더와로즈마리의 행복한 향기가 욕실 안을 가득 채워 줄 거예요!",
  "price":13000},
{
  "name":"BUBBLE SPINNER",
  "model":"BUBBLE BOMB",
  "image":"./images/product09.png",
  "no":"no09",
  "description":"자 빙글빙글 돌려봅시다. 레몬오일과 라임 오일이 듬뿍 담긴 이 기특한 버블바는 당신의 걱정거리를 모두 날려버릴 거예요!",
  "price":"20000"},
{
  "name":"YELLOW SUBMARINE",
  "model":"BATH BOMB",
  "image":"./images/product10.png",
  "no":"no10",
  "description":"잠수함을 욕조에 떨어뜨리면 레몬 그라스와 브라질 오렌지의 열대 향기가 여름휴가의 추억을불러일으켜 줄 :거예요!",
  "price":12000},
{
  "name":"TEA TREE WATER",
  "model":"TONER",
  "image":"./images/product11.png",
  "no":"no11",
  "description":"당신의 뜨거운 시선을 느꼈습니다.피부를 깨끗이 보살펴주는 상큼한 레몬을 가득 머금은 이 기분존은 마스크를 보고 계셨던 거겠죠.",
  "price":25000},
{
  "name":"THE COMFORTER",
  "model":"BUBBLE BAR",
  "image":"./images/product12.png",
  "no":"no12",
  "description":"티 트리와 자몽, 주니퍼 베리는 답답한 피부에 상쾌한 해방감을 주고, 건조하고 칙칙한 피부를 싱그럽게 가꿔줍니다.",
  "price":12000},
{
  "name":"DONT LOOK AT ME",
  "model":"FRESH BOMB",
  "image":"./images/product13.png",
  "no":"no13",
  "description":"당신의 뜨거운 시선을 느꼈습니다.피부를 깨끗이 보살펴주는 상큼한 레몬을 머금은 이 기분 좋은 마스크를 보고 계셨던 거겠죠.",
  "price":25000},
{ "name":"ROSY CHEEKS",
  "model":"FRESH MASK",
  "image":"./images/product14.png",
  "no":"no14",
  "description":"장미꽃 잎을 우려낸 물을 가득 담아 피부를 부드럽게 달래주는 감미로운 마스크입니다.",
  "price":25000},
{ "name":"CUPO COFFEE",
  "model":"FACE AND BODY MASK",
  "image":"./images/product15.png",
  "no":"no15",
  "description":"고단한 피부를 깨울 시간이 다가왔습니다. 커피의 진한 향기로 아직 졸음을 떨치지 못한 피부를 다정하게 깨워주세요.",
  "price":35000},
{ "name":"AQUA MARINA",
  "model":"FRESH CLEANSER",
  "image":"./images/product16.png",
  "no":"no16",
  "description":"아쿠아 마리나는 부드럽고 깨끗하게피부를 씻어내고 보습력을 더해주는 프레쉬 클렌저입니다",
  "price":42000},
{ "name":"GOOD TIMES ROLL",
  "model":"FRESH CLEANSER",
  "image":"./images/product17.png",
  "no":"no17",
  "description":"달콤함이 따뜻하게 느껴지는 시나몬 파우더는 피부를 더욱 건강해 보이도록 도와드립니다.",
  "price":25000},
{ "name":"HERBALISM",
  "model":"FRESH CLEANSER",
  "image":"./images/product18.png",
  "no":"no18",
  "description":"허벌리즘은 피부를 편안하게 도와주고,각질을 부드럽게 관리하는허브 프레쉬 클렌저입니다.",
  "price":15000}
    ]